alpha,lambda
50.29124319209862,397.4179742762785
