alpha,lambda
41.44269456310594,474.4884773052604
